plate_x,plate_y,cache_build_seconds_median,grid_valid_cells,grid_land_fraction,node_count,segment_count,path_count,source_count,sea_outlet_count,local_minimum_outlet_count,channel_node_count,confluence_count,connected_component_count,max_strahler_order,total_channel_length_plate_cells,mean_segment_length_plate_cells,mean_path_length_plate_cells,max_path_length_plate_cells,mean_segment_height_drop,min_segment_height_drop,downhill_violation_count,network_bytes,grid_bytes
1,0,0.0025634170000000001,5630,0.45044404973357016,131,112,21,21,19,0,91,2,19,2,4.2892851640071008,0.038297188964349117,0.20425167447652853,0.61886181476595503,0.061944768049200141,0.0042003199832787441,0,13928,430096
2,0,0.002401958,5424,0.47547935103244837,152,131,24,24,21,0,107,1,21,2,4.7221919290394556,0.036047266633888977,0.19675799704331073,0.51871270623912336,0.063391856493587181,0.0073724764869151915,0,16208,430080
1,1,0.0023262909999999999,5884,0.37967369136641738,129,108,21,21,21,0,87,0,21,1,3.8518685242851318,0.035665449298936405,0.18342231068024456,0.42052881710207107,0.067115664760729277,0.008655270329696263,0,13608,430096
0,0,0.0029521249999999999,7168,0.41238839285714285,162,140,24,24,22,0,116,1,22,2,4.7716513114897596,0.034083223653498286,0.19881880464540655,0.47991687885517453,0.055508764509249152,0.0079764647979306824,0,17280,430096
1,-1,0.0042055,7303,0.44584417362727646,169,149,21,21,20,0,128,1,20,2,4.6278710625604962,0.03105953733262078,0.22037481250288066,0.81581247198352302,0.041198353595305617,0.00034358147547419726,0,18136,430112
2,-1,0.0042000830000000003,5866,0.5693828844186839,189,172,18,18,17,0,154,0,17,1,5.9576378525396958,0.034637429375230788,0.33097988069665008,0.75947631921169223,0.045804171834782255,0.0033948147258085482,0,20496,430112
2,1,0.0035054169999999998,6576,0.47034671532846717,177,152,28,28,19,6,124,2,25,2,4.9120917971528417,0.032316393402321328,0.17543184989831545,0.47601052402718214,0.043495678834173518,0.00012408994881396573,0,18848,430112
0,-1,0.010069750000000001,8634,0.54517025712300204,255,235,23,23,20,0,212,3,20,2,7.7336989443935487,0.032909357210185314,0.33624778019102297,0.70598782779923752,0.035743585749698742,0.002686978075810309,0,27784,430096
3,0,0.0026787500000000001,6725,0.37070631970260221,131,111,20,20,20,0,91,0,20,1,4.0462137254655755,0.036452375905095272,0.2023106862732785,0.41981968212481457,0.052631369981931464,0.006261043514821929,0,13872,430112
3,1,0.0031524169999999998,7731,0.40719182511964819,161,140,22,22,21,0,118,1,21,2,4.8539704935781671,0.034671217811272623,0.22063502243537128,0.50930982890343313,0.050250794350217211,0.012107747296590032,0,17200,430096
