plate_x,plate_y,cache_build_seconds,grid_valid_cells,grid_land_fraction,node_count,segment_count,path_count,source_count,sea_outlet_count,local_minimum_outlet_count,channel_node_count,confluence_count,connected_component_count,total_channel_length_plate_cells,mean_segment_length_plate_cells,mean_path_length_plate_cells,max_path_length_plate_cells,mean_segment_height_drop,downhill_violation_count,region_count,region_polygon_vertex_count
1,0,0.40797429099620786,5166,0.4732868757259001,195,176,48,47,19,0,129,25,19,6.872456803326517,0.03904805001890063,0.1441381988964049,0.7172407440326821,0.057199201170895456,0,176,1016
2,0,0.29096800000115763,4960,0.4231854838709677,170,146,34,34,24,0,112,10,24,5.193299306198743,0.03557054319314212,0.1527440972411397,0.5137393217065728,0.06704079843729403,0,146,832
1,1,0.26817316700180527,5308,0.3654860587792012,158,137,38,33,21,0,104,11,21,4.798213783804372,0.03502345827594433,0.13118002629139633,0.447905316644851,0.05932865505425911,0,137,791
0,0,0.6205541670060484,6849,0.4099868593955322,246,222,50,49,24,0,173,24,24,7.604701512152581,0.034255412216903536,0.15285836208688935,0.45090947583409785,0.05405279635656756,0,222,1286
1,-1,0.40376575000118464,6749,0.4482145503037487,181,167,38,37,14,0,130,22,14,4.8862331958288525,0.029258881412148795,0.1294652773452236,0.842079871367108,0.03217539452411277,0,167,972
2,-1,0.3006706669984851,4896,0.4387254901960784,175,151,44,44,23,1,107,19,24,5.164095234408444,0.03419930618813543,0.1173658007820102,0.45931157119047755,0.06175124616888011,0,151,881
3,0,0.18358645800617523,6087,0.31805487103663543,137,115,35,33,22,0,82,11,22,4.088206540697252,0.03554962209301963,0.11886845916630946,0.3888955856466782,0.06881069356302272,0,115,662
0,-1,0.5098463339963928,8222,0.5755290683531987,189,183,28,27,6,0,156,19,6,6.113043385550923,0.033404608664212736,0.2196659113416297,0.805996457872071,0.026389900065886415,0,183,1059
2,1,0.4402859999972861,6068,0.46572181938035595,193,177,35,33,16,0,144,14,16,6.176054924228155,0.03489296567360539,0.17865923981644524,0.41660363663767064,0.046722306034366404,0,177,1036
2,-2,0.4680158340052003,5008,0.4347044728434505,210,187,44,43,22,1,144,17,23,7.77083128531804,0.041555247515069685,0.1776648339536388,0.5436761920150559,0.06632781791702942,0,187,1083
3,1,0.48237758300092537,7163,0.43459444366885386,209,192,46,46,17,0,146,25,17,6.2207252806040385,0.03239961083647933,0.1352331582740007,0.5624800462198822,0.04940594314561449,0,192,1125
